"";"Var1";"Freq";"edited_description";"combined_description";"usda_description";"irs_description";"irs_reportable"
"1";742;1408;"Veterinary Services";"Veterinary Services";"Veterinary Services";"Veterinary Services";"Yes"
"2";763;16;"Agricultural Co-operatives";"Agricultural Co-operatives";"Agricultural Co-operatives";"Agricultural Cooperative";"Yes"
"3";780;14;"Horticultural Services, Landscaping Services";"Horticultural Services, Landscaping Services";"Horticultural Services";"Landscaping Services";"Yes"
"4";1520;9;"General Contractors-Residential and Commercial";"General Contractors-Residential and Commercial";"General Contractors-Residential and Commercial";"General Contractors";"Yes"
"5";1711;4;"Air Conditioning Contractors – Sales and Installation, Heating Contractors – Sales, Service, Installation";"Air Conditioning Contractors – Sales and Installation, Heating Contractors – Sales, Service, Installation";"Air Conditioning Contractors – Sales and Installation";"Heating, Plumbing, A/C";"Yes"
"6";1731;9;"Electrical Contractors";"Electrical Contractors";"Electrical Contractors";"Electrical Contractors";"Yes"
"7";1740;4;"Insulation – Contractors, Masonry, Stonework Contractors, Plastering Contractors, Stonework and Masonry Contractors, Tile Settings Contractors";"Insulation – Contractors, Masonry, Stonework Contractors, Plastering Contractors, Stonework and Masonry Contractors, Tile Settings Contractors";"Insulation – Contractors";"Masonry, Stonework, and Plaster";"Yes"
"8";1750;1;"Carpentry Contractors";"Carpentry Contractors";"Carpentry Contractors";"Carpentry Contractors";"Yes"
"9";1761;19;"Roofing – Contractors, Sheet Metal Work – Contractors, Siding – Contractors";"Roofing – Contractors, Sheet Metal Work – Contractors, Siding – Contractors";"Roofing - Contractors";"Roofing/Siding, Sheet Metal";"Yes"
"10";1799;3;"Contractors – Special Trade, Not Elsewhere Classified";"Contractors – Special Trade, Not Elsewhere Classified";"Contractors – Special Trade, Not Elsewhere Classified";"Special Trade Contractors";"Yes"
"11";2741;333;"Miscellaneous Publishing and Printing";"Miscellaneous Publishing and Printing";"Miscellaneous Publishing and Printing";"Miscellaneous Publishing and Printing";"Yes"
"12";2791;1;"Typesetting, Plate Making, & Related Services";"Typesetting, Plate Making, & Related Services";"Typesetting, Plate Making, & Related Services";"Typesetting, Plate Making, and Related Services";"Yes"
"13";2842;56;"Specialty Cleaning, Polishing, and Sanitation Preparations";"Specialty Cleaning, Polishing, and Sanitation Preparations";"Specialty Cleaning, Polishing, and Sanitation Preparations";"Specialty Cleaning";"Yes"
"14";3000;11;"UNITED AIRLINES";"UNITED AIRLINES";"UNITED AIRLINES";"Airlines";"Yes"
"15";3001;12;"AMERICAN AIRLINES";"AMERICAN AIRLINES";"AMERICAN AIRLINES";"Airlines";"Yes"
"16";3005;1;"BRITISH AIRWAYS";"BRITISH AIRWAYS";"BRITISH AIRWAYS";"Airlines";"Yes"
"17";3007;9;"AIR FRANCE";"AIR FRANCE";"AIR FRANCE";"Airlines";"Yes"
"18";3008;68;"LUFTHANSA";"LUFTHANSA";"LUFTHANSA";"Airlines";"Yes"
"19";3009;2;"AIR CANADA";"AIR CANADA";"AIR CANADA";"Airlines";"Yes"
"20";3010;16;"KLM (ROYAL DUTCH AIRLINES)";"KLM (ROYAL DUTCH AIRLINES)";"KLM (ROYAL DUTCH AIRLINES)";"Airlines";"Yes"
"21";3011;166;"AEORFLOT";"AEORFLOT";"AEORFLOT";"Airlines";"Yes"
"22";3013;12;"ALITALIA";"ALITALIA";"ALITALIA";"Airlines";"Yes"
"23";3015;5;"SWISSAIR";"SWISSAIR";"SWISSAIR";"Airlines";"Yes"
"24";3016;6;"SAS";"SAS";"SAS";"Airlines";"Yes"
"25";3017;1;"SOUTH AFRICAN AIRWAYS";"SOUTH AFRICAN AIRWAYS";"SOUTH AFRICAN AIRWAYS";"Airlines";"Yes"
"26";3026;4;"Airlines";"Airlines";"";"Airlines";"Yes"
"27";3029;9;"SABENA";"SABENA";"SABENA";"Airlines";"Yes"
"28";3034;30;"AUSTRAINLIAN AIRLINES";"AUSTRAINLIAN AIRLINES";"AUSTRAINLIAN AIRLINES";"Airlines";"Yes"
"29";3035;3;"TAP (PORTUGAL)";"TAP (PORTUGAL)";"TAP (PORTUGAL)";"Airlines";"Yes"
"30";3037;1;"EGYPTAIR";"EGYPTAIR";"EGYPTAIR";"Airlines";"Yes"
"31";3039;2;"AVIANCA";"AVIANCA";"AVIANCA";"Airlines";"Yes"
"32";3042;3;"FINNAIR";"FINNAIR";"FINNAIR";"Airlines";"Yes"
"33";3047;28;"THY (TURKEY)";"THY (TURKEY)";"THY (TURKEY)";"Airlines";"Yes"
"34";3051;52;"AUSTRIAN AIRLINES";"AUSTRIAN AIRLINES";"AUSTRIAN AIRLINES";"Airlines";"Yes"
"35";3057;1;"EASTWEST AIRLINES (AUSTRALIA)";"EASTWEST AIRLINES (AUSTRALIA)";"EASTWEST AIRLINES (AUSTRALIA)";"Airlines";"Yes"
"36";3058;5;"DELTA";"DELTA";"DELTA";"Airlines";"Yes"
"37";3066;4;"SOUTHWEST";"SOUTHWEST";"SOUTHWEST";"Airlines";"Yes"
"38";3068;6;"Airlines";"Airlines";"";"Airlines";"Yes"
"39";3069;1;"SUN COUNTRY AIRLINES";"SUN COUNTRY AIRLINES";"SUN COUNTRY AIRLINES";"Airlines";"Yes"
"40";3075;1;"SINGAPORE AIRLINES";"SINGAPORE AIRLINES";"SINGAPORE AIRLINES";"Airlines";"Yes"
"41";3077;9;"THAI AIRWAYS";"THAI AIRWAYS";"THAI AIRWAYS";"Airlines";"Yes"
"42";3079;7;"Airlines";"Airlines";"";"Airlines";"Yes"
"43";3100;2;"MALAYSIAN AIRLINE SYSTEM";"MALAYSIAN AIRLINE SYSTEM";"MALAYSIAN AIRLINE SYSTEM";"Airlines";"Yes"
"44";3102;3;"IBERIA";"IBERIA";"IBERIA";"Airlines";"Yes"
"45";3136;5;"Airlines";"Airlines";"";"Airlines";"Yes"
"46";3174;4;"Airlines";"Airlines";"";"Airlines";"Yes"
"47";3180;2;"Airlines";"Airlines";"";"Airlines";"Yes"
"48";3182;56;"LOT (POLAND)";"LOT (POLAND)";"LOT (POLAND)";"Airlines";"Yes"
"49";3183;1;"Airlines";"Airlines";"";"Airlines";"Yes"
"50";3211;6;"Airlines";"Airlines";"";"Airlines";"Yes"
"51";3236;4;"Airlines";"Airlines";"";"Airlines";"Yes"
"52";3245;18;"Airlines";"Airlines";"";"Airlines";"Yes"
"53";3246;793;"Airlines";"Airlines";"";"Airlines";"Yes"
"54";3247;1;"Airlines";"Airlines";"";"Airlines";"Yes"
"55";3256;2;"ALASKA AIRLINES";"ALASKA AIRLINES";"ALASKA AIRLINES";"Airlines";"Yes"
"56";3260;4;"Airlines";"Airlines";"";"Airlines";"Yes"
"57";3261;2;"AIR CHINA";"AIR CHINA";"AIR CHINA";"Airlines";"Yes"
"58";3299;1;"WIDERO’S FLYVESELSKAP";"WIDERO’S FLYVESELSKAP";"WIDERO’S FLYVESELSKAP";"Airlines";"Yes"
"59";3301;1;NA;NA;NA;NA;NA
"60";3351;2;"AFFILIATED AUTO RENTAL";"AFFILIATED AUTO RENTAL";"AFFILIATED AUTO RENTAL";"Car Rental";"Yes"
"61";3355;15;"Car Rental";"Car Rental";"";"Car Rental";"Yes"
"62";3357;9;"HERTZ RENT-A-CAR";"HERTZ RENT-A-CAR";"HERTZ RENT-A-CAR";"Car Rental";"Yes"
"63";3364;2;"AGENCY RENT-A-CAR";"AGENCY RENT-A-CAR";"AGENCY RENT-A-CAR";"Car Rental";"Yes"
"64";3366;2;"BUDGET RENT-A-CAR";"BUDGET RENT-A-CAR";"BUDGET RENT-A-CAR";"Car Rental";"Yes"
"65";3381;12;"EUROP CAR";"EUROP CAR";"EUROP CAR";"Car Rental";"Yes"
"66";3387;2;"ALAMO RENT-A-CAR";"ALAMO RENT-A-CAR";"ALAMO RENT-A-CAR";"Car Rental";"Yes"
"67";3389;41;"AVIS RENT-A-CAR";"AVIS RENT-A-CAR";"AVIS RENT-A-CAR";"Car Rental";"Yes"
"68";3390;1;"DOLLAR RENT-A-CAR";"DOLLAR RENT-A-CAR";"DOLLAR RENT-A-CAR";"Car Rental";"Yes"
"69";3405;3;"ENTERPRISE RENT-A-CAR";"ENTERPRISE RENT-A-CAR";"ENTERPRISE RENT-A-CAR";"Car Rental";"Yes"
"70";3501;11;"HOLIDAY INNS, HOLIDAY INN EXPRESS";"HOLIDAY INNS, HOLIDAY INN EXPRESS";"HOLIDAY INNS";"Hotels/Motels/Inns/Resorts";"Yes"
"71";3502;6;"BEST WESTERN HOTELS";"BEST WESTERN HOTELS";"BEST WESTERN HOTELS";"Hotels/Motels/Inns/Resorts";"Yes"
"72";3503;5;"SHERATON HOTELS";"SHERATON HOTELS";"SHERATON HOTELS";"Hotels/Motels/Inns/Resorts";"Yes"
"73";3504;14;"HILTON HOTELS";"HILTON HOTELS";"HILTON HOTELS";"Hotels/Motels/Inns/Resorts";"Yes"
"74";3506;2;"GOLDEN TULIP HOTELS";"GOLDEN TULIP HOTELS";"GOLDEN TULIP HOTELS";"Hotels/Motels/Inns/Resorts";"Yes"
"75";3509;102;"MARRIOTT HOTELS";"MARRIOTT HOTELS";"MARRIOTT HOTELS";"Hotels/Motels/Inns/Resorts";"Yes"
"76";3512;1;"INTER-CONTINENTAL HOTELS";"INTER-CONTINENTAL HOTELS";"INTER-CONTINENTAL HOTELS";"Hotels/Motels/Inns/Resorts";"Yes"
"77";3513;26;"WESTIN HOTELS";"WESTIN HOTELS";"WESTIN HOTELS";"Hotels/Motels/Inns/Resorts";"Yes"
"78";3516;1;"LA QUINTA MOTOR INNS";"LA QUINTA MOTOR INNS";"LA QUINTA MOTOR INNS";"Hotels/Motels/Inns/Resorts";"Yes"
"79";3520;8;"MERIDIEN HOTELS";"MERIDIEN HOTELS";"MERIDIEN HOTELS";"Hotels/Motels/Inns/Resorts";"Yes"
"80";3523;1;"PENNSULA HOTEL";"PENNSULA HOTEL";"PENNSULA HOTEL";"Hotels/Motels/Inns/Resorts";"Yes"
"81";3530;16;"RENAISSANCE HOTELS, STOUFFER HOTELS";"RENAISSANCE HOTELS, STOUFFER HOTELS";"RENAISSANCE HOTELS";"Hotels/Motels/Inns/Resorts";"Yes"
"82";3533;29;"HOTEL IBIS";"HOTEL IBIS";"HOTEL IBIS";"Hotels/Motels/Inns/Resorts";"Yes"
"83";3535;1;"HILTON INTERNATIONAL";"HILTON INTERNATIONAL";"HILTON INTERNATIONAL";"Hotels/Motels/Inns/Resorts";"Yes"
"84";3540;1;"IBEROTEL HOTELS";"IBEROTEL HOTELS";"IBEROTEL HOTELS";"Hotels/Motels/Inns/Resorts";"Yes"
"85";3543;3;"FOUR SEASONS HOTELS";"FOUR SEASONS HOTELS";"FOUR SEASONS HOTELS";"Hotels/Motels/Inns/Resorts";"Yes"
"86";3545;1;"SHANGRI-LA INTERNATIONAL";"SHANGRI-LA INTERNATIONAL";"SHANGRI-LA INTERNATIONAL";"Hotels/Motels/Inns/Resorts";"Yes"
"87";3548;4;"HOTELES MELIA";"HOTELES MELIA";"HOTELES MELIA";"Hotels/Motels/Inns/Resorts";"Yes"
"88";3553;2;"PARK INNS INTERNATIONAL";"PARK INNS INTERNATIONAL";"PARK INNS INTERNATIONAL";"Hotels/Motels/Inns/Resorts";"Yes"
"89";3559;4;"Hotels/Motels/Inns/Resorts";"Hotels/Motels/Inns/Resorts";"";"Hotels/Motels/Inns/Resorts";"Yes"
"90";3579;5;"HOTEL MERCURE";"HOTEL MERCURE";"HOTEL MERCURE";"Hotels/Motels/Inns/Resorts";"Yes"
"91";3583;3;"SAS HOTELS";"SAS HOTELS";"SAS HOTELS";"Hotels/Motels/Inns/Resorts";"Yes"
"92";3586;1;"SOKOS HOTELS";"SOKOS HOTELS";"SOKOS HOTELS";"Hotels/Motels/Inns/Resorts";"Yes"
"93";3589;2;"Hotels/Motels/Inns/Resorts";"Hotels/Motels/Inns/Resorts";"";"Hotels/Motels/Inns/Resorts";"Yes"
"94";3590;3;"FAIRMONT HOTELS";"FAIRMONT HOTELS";"FAIRMONT HOTELS";"Hotels/Motels/Inns/Resorts";"Yes"
"95";3604;1;"Hotels/Motels/Inns/Resorts";"Hotels/Motels/Inns/Resorts";"";"Hotels/Motels/Inns/Resorts";"Yes"
"96";3623;7;"DORINT HOTELS";"DORINT HOTELS";"DORINT HOTELS";"Hotels/Motels/Inns/Resorts";"Yes"
"97";3631;1;"Hotels/Motels/Inns/Resorts";"Hotels/Motels/Inns/Resorts";"";"Hotels/Motels/Inns/Resorts";"Yes"
"98";3634;1;"SWISSOTEL";"SWISSOTEL";"SWISSOTEL";"Hotels/Motels/Inns/Resorts";"Yes"
"99";3640;4;"HYATT HOTEL";"HYATT HOTEL";"HYATT HOTEL";"Hotels/Motels/Inns/Resorts";"Yes"
"100";3641;1;"SOFITEL HOTELS";"SOFITEL HOTELS";"SOFITEL HOTELS";"Hotels/Motels/Inns/Resorts";"Yes"
"101";3642;17;"NOVOTEL HOTELS";"NOVOTEL HOTELS";"NOVOTEL HOTELS";"Hotels/Motels/Inns/Resorts";"Yes"
"102";3643;4;"STEIGENBERGER HOTELS";"STEIGENBERGER HOTELS";"STEIGENBERGER HOTELS";"Hotels/Motels/Inns/Resorts";"Yes"
"103";3649;9;"RADISSON HOTELS";"RADISSON HOTELS";"RADISSON HOTELS";"Hotels/Motels/Inns/Resorts";"Yes"
"104";3655;5;"SCANDIC HOTELS";"SCANDIC HOTELS";"SCANDIC HOTELS";"Hotels/Motels/Inns/Resorts";"Yes"
"105";3665;5;"HAMPTON INNS";"HAMPTON INNS";"HAMPTON INNS";"Hotels/Motels/Inns/Resorts";"Yes"
"106";3668;1;"MARITIM HOTELS";"MARITIM HOTELS";"MARITIM HOTELS";"Hotels/Motels/Inns/Resorts";"Yes"
"107";3672;2;"CAMPANIEL HOTELS";"CAMPANIEL HOTELS";"CAMPANIEL HOTELS";"Hotels/Motels/Inns/Resorts";"Yes"
"108";3690;2;"COURTYARD BY MARRIOTT";"COURTYARD BY MARRIOTT";"COURTYARD BY MARRIOTT";"Hotels/Motels/Inns/Resorts";"Yes"
"109";3692;5;"DOUBLETREE HOTELS";"DOUBLETREE HOTELS";"DOUBLETREE HOTELS";"Hotels/Motels/Inns/Resorts";"Yes"
"110";3710;4;"THE RITZ CARLTON HOTELS";"THE RITZ CARLTON HOTELS";"THE RITZ CARLTON HOTELS";"Hotels/Motels/Inns/Resorts";"Yes"
"111";3722;3;"WYNDHAM HOTEL AND RESORTS";"WYNDHAM HOTEL AND RESORTS";"WYNDHAM HOTEL AND RESORTS";"Hotels/Motels/Inns/Resorts";"Yes"
"112";3740;2;"TOWNPLACE SUITES";"TOWNPLACE SUITES";"TOWNPLACE SUITES";"Hotels/Motels/Inns/Resorts";"Yes"
"113";3745;5;"ST. REGIS HOTEL";"ST. REGIS HOTEL";"ST. REGIS HOTEL";"Hotels/Motels/Inns/Resorts";"Yes"
"114";3750;33;"CROWNE PLAZA HOTELS";"CROWNE PLAZA HOTELS";"CROWNE PLAZA HOTELS";"Hotels/Motels/Inns/Resorts";"Yes"
"115";3777;1;"Hotels/Motels/Inns/Resorts";"Hotels/Motels/Inns/Resorts";"";"Hotels/Motels/Inns/Resorts";"Yes"
"116";3779;1;"Hotels/Motels/Inns/Resorts";"Hotels/Motels/Inns/Resorts";"";"Hotels/Motels/Inns/Resorts";"Yes"
"117";3811;2;NA;NA;NA;NA;NA
"118";3812;3;NA;NA;NA;NA;NA
"119";4011;73;"Railroads";"Railroads";"";"Railroads";"No1.6041-3(c)"
"120";4111;6154;"Local/Suburban Commuter Passenger Transportation – Railroads, Feries, Local Water Transportation.";"Local/Suburban Commuter Passenger Transportation – Railroads, Feries, Local Water Transportation.";"Local/Suburban Commuter Passenger Transportation – Railroads, Feries, Local Water Transportation.";"Commuter Transport, Ferries";"Yes"
"121";4112;9960;"Passenger Railways";"Passenger Railways";"Passenger Railways";"Passenger Railways";"Yes"
"122";4121;73999;"Taxicabs and Limousines";"Taxicabs and Limousines";"Taxicabs and Limousines";"Taxicabs/Limousines";"Yes"
"123";4131;7885;"Bus Lines, Including Charters, Tour Buses";"Bus Lines, Including Charters, Tour Buses";"Bus Lines, Including Charters, Tour Buses";"Bus Lines";"Yes"
"124";4214;92;"Motor Freight Carriers, Moving and Storage Companies, Trucking – Local/Long Distance, Delivery Services – Local";"Motor Freight Carriers, Moving and Storage Companies, Trucking – Local/Long Distance, Delivery Services – Local";"Motor Freight Carriers";"Motor Freight Carriers and Trucking - Local and Long Distance, Moving and Storage Companies, and Local Delivery Services ";"No1.6041-3(c)"
"125";4215;261;"Courier Services – Air or Ground, Freight forwarders";"Courier Services – Air or Ground, Freight forwarders";"Courier Services – Air or Ground";"Courier Services ";"Yes"
"126";4225;29;"Public warehousing, Storage";"Public warehousing, Storage";"Warehousing, Public";"Public Warehousing and Storage - Farm Products, Refrigerated Goods, Household Goods, and Storage ";"No1.6041-3(c)"
"127";4411;118;"Cruise and Steamship Lines";"Cruise and Steamship Lines";"Cruise Lines";"Cruise Lines";"Yes"
"128";4457;1;"Boat Rentals and Leases";"Boat Rentals and Leases";"Boat Rentals and Leases";"Boat Rentals and Leases";"Yes"
"129";4468;24;"Marinas, Marine Service, and Supplies";"Marinas, Marine Service, and Supplies";"Marinas, Marine Service, and Supplies";"Marinas, Service and Supplies";"Yes"
"130";4511;2198;"Airlines, Air Carriers ( not listed elsewhere)";"Airlines, Air Carriers ( not listed elsewhere)";"Airlines, Air Carriers ( not listed elsewhere)";"Airlines, Air Carriers";"Yes"
"131";4582;23;"Airports, Airport Terminals, Flying Fields";"Airports, Airport Terminals, Flying Fields";"Airports, Airport Terminals";"Airports, Flying Fields";"Yes"
"132";4722;1306;"Travel Agencies and Tour Operations";"Travel Agencies and Tour Operations";"Travel Agencies and Tour Operations";"Travel Agencies, Tour Operators";"Yes"
"133";4784;1076;"Toll and Bridge Fees";"Toll and Bridge Fees";"Toll and Bridge Fees";"Tolls/Bridge Fees";"No1.6041-3(c)"
"134";4789;24142;"Transportation Services, Not elsewhere classified)";"Transportation Services, Not elsewhere classified)";"Transportation Services, Not elsewhere classified)";"Transportation Services (Not Elsewhere Classified)";"Yes"
"135";4812;1862;"Telecommunications Equipment including telephone sales";"Telecommunications Equipment including telephone sales";"Telecommunications Equipment including telephone sales";"Telecommunication Equipment and Telephone Sales";"No1.6041-3(c)"
"136";4814;13412;"Fax services, Telecommunication Services";"Fax services, Telecommunication Services";"Fax services";"Telecommunication Services";"No1.6041-3(c)"
"137";4816;2720;"Computer Network Services";"Computer Network Services";"";"Computer Network Services";"No1.6041-3(c)"
"138";4821;3;"Telegraph services";"Telegraph services";"Telegraph services";"Telegraph Services";"No1.6041-3(c)"
"139";4829;16;"Money Orders – Wire Transfer";"Money Orders – Wire Transfer";"Money Orders – Wire Transfer";"Wires, Money Orders";"No1.6041-3(c)"
"140";4899;281;"Cable and other pay television (previously Cable Services)";"Cable and other pay television (previously Cable Services)";"Cable and other pay television (previously Cable Services)";"Cable, Satellite, and Other Pay Television and Radio";"No1.6041-3(c)"
"141";4900;469602;"Electric, Gas, Sanitary and Water Utilities";"Electric, Gas, Sanitary and Water Utilities";"Electric, Gas, Sanitary and Water Utilities";"Utilities ";"No1.6041-3(c)"
"142";5013;51;"Motor vehicle supplies and new parts";"Motor vehicle supplies and new parts";"Motor vehicle supplies and new parts";"Motor Vehicle Supplies and New Parts";"No1.6041-3(c)"
"143";5021;95;"Office and Commercial Furniture";"Office and Commercial Furniture";"Office and Commercial Furniture";"Office and Commercial Furniture";"No1.6041-3(c)"
"144";5039;688;"Construction Materials, Not Elsewhere Classified";"Construction Materials, Not Elsewhere Classified";"Construction Materials, Not Elsewhere Classified";"Construction Materials (Not Elsewhere Classified)";"No1.6041-3(c)"
"145";5044;6;"Office, Photographic, Photocopy, and Microfilm Equipment";"Office, Photographic, Photocopy, and Microfilm Equipment";"Office, Photographic, Photocopy, and Microfilm Equipment";"Photographic, Photocopy, Microfilm Equipment, and Supplies";"No1.6041-3(c)"
"146";5045;635;"Computers, Computer Peripheral Equipment, Software";"Computers, Computer Peripheral Equipment, Software";"Computers, Computer Peripheral Equipment, Software";"Computers, Peripherals, and Software";"No1.6041-3(c)"
"147";5046;5;"Commercial Equipment, Not Elsewhere Classified";"Commercial Equipment, Not Elsewhere Classified";"Commercial Equipment, Not Elsewhere Classified";"Commercial Equipment (Not Elsewhere Classified)";"No1.6041-3(c)"
"148";5047;794;"Medical, Dental Ophthalmic, Hospital Equipment and Supplies";"Medical, Dental Ophthalmic, Hospital Equipment and Supplies";"Medical, Dental Ophthalmic, Hospital Equipment and Supplies";"Medical, Dental, Ophthalmic, and Hospital Equipment and Supplies";"No1.6041-3(c)"
"149";5051;25;"Metal Service Centers and Offices";"Metal Service Centers and Offices";"Metal Service Centers and Offices";"Metal Service Centers";"No1.6041-3(c)"
"150";5065;47;"Electrical Parts and Equipment";"Electrical Parts and Equipment";"Electrical Parts and Equipment";"Electrical Parts and Equipment";"No1.6041-3(c)"
"151";5072;61;"Hardware Equipment and Supplies";"Hardware Equipment and Supplies";"Hardware Equipment and Supplies";"Hardware, Equipment, and Supplies";"No1.6041-3(c)"
"152";5074;110;"Plumbing and Heating Equipment and Supplies";"Plumbing and Heating Equipment and Supplies";"Plumbing and Heating Equipment and Supplies";"Plumbing, Heating Equipment, and Supplies";"No1.6041-3(c)"
"153";5085;3;"Industrial Supplies, Not Elsewhere Classified";"Industrial Supplies, Not Elsewhere Classified";"Industrial Supplies, Not Elsewhere Classified";"Industrial Supplies (Not Elsewhere Classified)";"No1.6041-3(c)"
"154";5094;219;"Precious Stones and Metals, Watches and Jewelry";"Precious Stones and Metals, Watches and Jewelry";"Precious Stones and Metals, Watches and Jewelry";"Precious Stones and Metals, Watches and Jewelry";"No1.6041-3(c)"
"155";5099;29;"Durable Goods, Not Elsewhere Classified";"Durable Goods, Not Elsewhere Classified";"Durable Goods, Not Elsewhere Classified";"Durable Goods (Not Elsewhere Classified)";"No1.6041-3(c)"
"156";5111;793;"Stationery, Office Supplies, Printing, and Writing Paper";"Stationery, Office Supplies, Printing, and Writing Paper";"Stationery, Office Supplies, Printing, and Writing Paper";"Stationary, Office Supplies, Printing and Writing Paper";"No1.6041-3(c)"
"157";5122;69;"Drugs, Drug Proprietors, and Druggist’s Sundries";"Drugs, Drug Proprietors, and Druggist’s Sundries";"Drugs, Drug Proprietors, and Druggist’s Sundries";"Drugs, Drug Proprietaries, and Druggist Sundries";"No1.6041-3(c)"
"158";5131;223;"Piece Goods, Notions, and Other Dry Goods";"Piece Goods, Notions, and Other Dry Goods";"Piece Goods, Notions, and Other Dry Goods";"Piece Goods, Notions, and Other Dry Goods";"No1.6041-3(c)"
"159";5137;7;"Men’s Women’s and Children’s Uniforms and Commercial Clothing";"Men’s Women’s and Children’s Uniforms and Commercial Clothing";"Men’s Women’s and Children’s Uniforms and Commercial Clothing";"Uniforms, Commercial Clothing";"No1.6041-3(c)"
"160";5139;62;"Commercial Footwear";"Commercial Footwear";"Commercial Footwear";"Commercial Footwear";"No1.6041-3(c)"
"161";5169;70;"Chemicals and Allied Products, Not Elsewhere Classified";"Chemicals and Allied Products, Not Elsewhere Classified";"Chemicals and Allied Products, Not Elsewhere Classified";"Chemicals and Allied Products (Not Elsewhere Classified)";"No1.6041-3(c)"
"162";5172;21;"Petroleum and Petroleum Products";"Petroleum and Petroleum Products";"Petroleum and Petroleum Products";"Petroleum and Petroleum Products";"No1.6041-3(c)"
"163";5192;10437;"Books, Periodicals, and Newspapers";"Books, Periodicals, and Newspapers";"Books, Periodicals, and Newspapers";"Books, Periodicals, and Newspapers";"No1.6041-3(c)"
"164";5193;192;"Florists’ Supplies, Nursery Stock and Flowers";"Florists’ Supplies, Nursery Stock and Flowers";"Florists’ Supplies, Nursery Stock and Flowers";"Florists Supplies, Nursery Stock, and Flowers";"No1.6041-3(c)"
"165";5198;19;"Paints, Varnishes, and Supplies";"Paints, Varnishes, and Supplies";"Paints, Varnishes, and Supplies";"Paints, Varnishes, and Supplies";"No1.6041-3(c)"
"166";5199;107;"Non-durable Goods, Not Elsewhere Classified";"Non-durable Goods, Not Elsewhere Classified";"Non-durable Goods, Not Elsewhere Classified";"Nondurable Goods (Not Elsewhere Classified)";"No1.6041-3(c)"
"167";5200;11931;"Home Supply Warehouse Stores";"Home Supply Warehouse Stores";"Home Supply Warehouse Stores";"Home Supply Warehouse Stores";"No1.6041-3(c)"
"168";5211;6508;"Lumber and Building Materials Stores";"Lumber and Building Materials Stores";"Lumber and Building Materials Stores";"Lumber, Building Materials Stores";"No1.6041-3(c)"
"169";5231;681;"Glass, Paint, and Wallpaper Stores";"Glass, Paint, and Wallpaper Stores";"Wallpaper Stores";"Glass, Paint, and Wallpaper Stores";"No1.6041-3(c)"
"170";5251;20814;"Hardware Stores";"Hardware Stores";"Hardware Stores";"Hardware Stores";"No1.6041-3(c)"
"171";5261;1277;"Nurseries – Lawn and Garden Supply Store";"Nurseries – Lawn and Garden Supply Store";"Nurseries – Lawn and Garden Supply Store";"Nurseries, Lawn and Garden Supply Stores";"No1.6041-3(c)"
"172";5271;6;"Mobile Home Dealers";"Mobile Home Dealers";"Mobile Home Dealers";"Mobile Home Dealers";"No1.6041-3(c)"
"173";5300;162;"Wholesale Clubs";"Wholesale Clubs";"Wholesale Clubs";"Wholesale Clubs";"No1.6041-3(c)"
"174";5309;2838;"Duty Free Store";"Duty Free Store";"Duty Free Store";"Duty Free Stores";"No1.6041-3(c)"
"175";5310;2674;"Discount Stores";"Discount Stores";"Discount Stores";"Discount Stores";"No1.6041-3(c)"
"176";5311;151988;"Department Stores";"Department Stores";"Department Stores";"Department Stores";"No1.6041-3(c)"
"177";5331;79040;"Variety Stores";"Variety Stores";"Variety Stores";"Variety Stores";"No1.6041-3(c)"
"178";5399;41175;"Misc. General Merchandise";"Misc. General Merchandise";"Misc. General Merchandise";"Miscellaneous General Merchandise";"No1.6041-3(c)"
"179";5411;247346;"Grocery Stores, Supermarkets";"Grocery Stores, Supermarkets";"Grocery Stores";"Grocery Stores, Supermarkets";"No1.6041-3(c)"
"180";5422;1769;"Meat Provisioners – Freezer and Locker";"Meat Provisioners – Freezer and Locker";"Meat Provisioners – Freezer and Locker";"Freezer and Locker Meat Provisioners";"No1.6041-3(c)"
"181";5441;6603;"Candy, Nut, and Confectionery Stores";"Candy, Nut, and Confectionery Stores";"Candy Stores";"Candy, Nut, and Confectionery Stores";"No1.6041-3(c)"
"182";5451;4976;"Dairy Products Stores";"Dairy Products Stores";"Dairy Products Stores";"Dairy Products Stores";"No1.6041-3(c)"
"183";5462;1538;"Bakeries";"Bakeries";"Bakeries";"Bakeries";"No1.6041-3(c)"
"184";5499;326798;"Misc. Food Stores – Convenience Stores and Specialty Markets";"Misc. Food Stores – Convenience Stores and Specialty Markets";"Misc. Food Stores – Convenience Stores and Specialty Markets";"Miscellaneous Food Stores - Convenience Stores and Specialty Markets";"No1.6041-3(c)"
"185";5511;531;"Car and Truck Dealers (New and Used) Sales, Service, Repairs, Parts, and Leasing";"Car and Truck Dealers (New and Used) Sales, Service, Repairs, Parts, and Leasing";"Car and Truck Dealers (New and Used) Sales, Service, Repairs, Parts, and Leasing";"Car and Truck Dealers (New & Used) Sales, Service, Repairs Parts and Leasing ";"No1.6041-3(c)"
"186";5521;3;"Automobile and Truck Dealers (Used Only)";"Automobile and Truck Dealers (Used Only)";"Automobile and Truck Dealers (Used Only)";"Car and Truck Dealers (Used Only) Sales, Service, Repairs Parts and Leasing ";"No1.6041-3(c)"
"187";5532;64;"Automotive Tire Stores";"Automotive Tire Stores";"Automotive Tire Stores";"Automotive Tire Stores";"No1.6041-3(c)"
"188";5533;5381;"Automotive Parts, Accessories Stores";"Automotive Parts, Accessories Stores";"Automotive Parts, Accessories Stores";"Automotive Parts and Accessories Stores";"No1.6041-3(c)"
"189";5541;98072;"Service Stations ( with or without ancillary services)";"Service Stations ( with or without ancillary services)";"Service Stations ( with or without ancillary services)";"Service Stations ";"No1.6041-3(c)"
"190";5542;1516;"Automated Fuel Dispensers";"Automated Fuel Dispensers";"Automated Fuel Dispensers";"Automated Fuel Dispensers";"No1.6041-3(c)"
"191";5551;1;"Boat Dealers";"Boat Dealers";"Boat Dealers";"Boat Dealers";"No1.6041-3(c)"
"192";5561;56;"Recreational and Utility Trailers, Camp Dealers";"Recreational and Utility Trailers, Camp Dealers";"Recreational and Utility Trailers, Camp Dealers";"Motorcycle Shops, Dealers";"No1.6041-3(c)"
"193";5571;33;"Motorcycle Dealers";"Motorcycle Dealers";"Motorcycle Dealers";"Motorcycle Shops and Dealers";"No1.6041-3(c)"
"194";5592;1;"Motor Home Dealers";"Motor Home Dealers";"Motor Home Dealers";"Motor Homes Dealers";"No1.6041-3(c)"
"195";5599;27;"Miscellaneous Auto Dealers ";"Miscellaneous Auto Dealers ";"";"Miscellaneous Auto Dealers ";"No1.6041-3(c)"
"196";5611;383;"Men’s and Boy’s Clothing and Accessories Stores";"Men’s and Boy’s Clothing and Accessories Stores";"Men’s and Boy’s Clothing and Accessories Stores";"Men’s and Boy’s Clothing and Accessories Stores";"No1.6041-3(c)"
"197";5621;4020;"Women’s Ready-to-Wear Stores";"Women’s Ready-to-Wear Stores";"Women’s Ready-to-Wear Stores";"Women’s Ready-To-Wear Stores";"No1.6041-3(c)"
"198";5631;1352;"Women’s Accessory and Specialty Shops";"Women’s Accessory and Specialty Shops";"Women’s Accessory and Specialty Shops";"Women’s Accessory and Specialty Shops";"No1.6041-3(c)"
"199";5641;2118;"Children’s and Infant’s Wear Stores";"Children’s and Infant’s Wear Stores";"Children’s and Infant’s Wear Stores";"Children’s and Infant’s Wear Stores";"No1.6041-3(c)"
"200";5651;22806;"Family Clothing Stores";"Family Clothing Stores";"Family Clothing Stores";"Family Clothing Stores";"No1.6041-3(c)"
"201";5655;949;"Sports Apparel, Riding Apparel Stores";"Sports Apparel, Riding Apparel Stores";"Sports Apparel, Riding Apparel Stores";"Sports and Riding Apparel Stores";"No1.6041-3(c)"
"202";5661;7442;"Shoe Stores";"Shoe Stores";"Shoe Stores";"Shoe Stores";"No1.6041-3(c)"
"203";5681;36;"Furriers and Fur Shops";"Furriers and Fur Shops";"Furriers and Fur Shops";"Furriers and Fur Shops";"No1.6041-3(c)"
"204";5691;5515;"Men’s and Women’s Clothing Stores";"Men’s and Women’s Clothing Stores";"Men’s and Women’s Clothing Stores";"Men’s, Women’s Clothing Stores";"No1.6041-3(c)"
"205";5697;174;"Tailors, Seamstress, Mending, and Alterations";"Tailors, Seamstress, Mending, and Alterations";"Tailors, Seamstress, Mending, and Alterations";"Tailors, Alterations";"Yes"
"206";5698;32;"Wig and Toupee Stores";"Wig and Toupee Stores";"Wig and Toupee Stores";"Wig and Toupee Stores";"No1.6041-3(c)"
"207";5699;832;"Miscellaneous Apparel and Accessory Shops";"Miscellaneous Apparel and Accessory Shops";"Miscellaneous Apparel and Accessory Shops";"Miscellaneous Apparel and Accessory Shops";"No1.6041-3(c)"
"208";5712;3442;"Furniture, Home Furnishings, and Equipment Stores, ExceptAppliances";"Furniture, Home Furnishings, and Equipment Stores, ExceptAppliances";"Furniture, Home Furnishings, and Equipment Stores, ExceptAppliances";"Furniture, Home Furnishings, and Equipment Stores, Except Appliances";"No1.6041-3(c)"
"209";5713;448;"Floor Covering Stores";"Floor Covering Stores";"Floor Covering Stores";"Floor Covering Stores";"No1.6041-3(c)"
"210";5714;126;"Drapery, Window Covering and Upholstery Stores";"Drapery, Window Covering and Upholstery Stores";"Drapery, Window Covering and Upholstery Stores";"Drapery, Window Covering, and Upholstery Stores";"No1.6041-3(c)"
"211";5718;5;"Fireplace, Fireplace Screens, and Accessories Stores";"Fireplace, Fireplace Screens, and Accessories Stores";"Fireplace, Fireplace Screens, and Accessories Stores";"Fireplace, Fireplace Screens, and Accessories Stores";"No1.6041-3(c)"
"212";5719;478;"Miscellaneous Home Furnishing Specialty Stores";"Miscellaneous Home Furnishing Specialty Stores";"Miscellaneous Home Furnishing Specialty Stores";"Miscellaneous Home Furnishing Specialty Stores";"No1.6041-3(c)"
"213";5722;824;"Household Appliance Stores";"Household Appliance Stores";"Household Appliance Stores";"Household Appliance Stores";"No1.6041-3(c)"
"214";5732;6192;"Electronic Sales";"Electronic Sales";"Electronic Sales";"Electronics Stores";"No1.6041-3(c)"
"215";5733;169;"Music Stores, Musical Instruments, Piano Sheet Music";"Music Stores, Musical Instruments, Piano Sheet Music";"Music Stores, Musical Instruments, Piano Sheet Music";"Music Stores-Musical Instruments, Pianos, and Sheet Music";"No1.6041-3(c)"
"216";5734;4996;"Computer Software Stores";"Computer Software Stores";"Computer Software Stores";"Computer Software Stores";"No1.6041-3(c)"
"217";5735;7301;"Record Shops";"Record Shops";"Record Shops";"Record Stores";"No1.6041-3(c)"
"218";5811;138;"Caterers";"Caterers";"Caterers";"Caterers";"Yes"
"219";5812;184884;"Eating places and Restaurants";"Eating places and Restaurants";"Eating places and Restaurants";"Eating Places, Restaurants";"No1.6041-3(c)"
"220";5813;13822;"Drinking Places (Alcoholic Beverages), Bars, Taverns, Cocktail lounges, Nightclubs and Discotheques";"Drinking Places (Alcoholic Beverages), Bars, Taverns, Cocktail lounges, Nightclubs and Discotheques";"Drinking Places (Alcoholic Beverages), Bars, Taverns, Cocktail lounges, Nightclubs and Discotheques";"Drinking Places";"No1.6041-3(c)"
"221";5814;13947;"Fast Food Restaurants";"Fast Food Restaurants";"Fast Food Restaurants";"Fast Food Restaurants";"No1.6041-3(c)"
"222";5815;1382;"Digital Goods: Media, Books, Movies, Music";"";"";"";""
"223";5816;5786;"Digital Goods: Games";"";"";"";""
"224";5817;95;"Digital Goods: Applications (Excludes Games)";"";"";"";""
"225";5818;82;"Digital Goods: Large Digital Goods Merchant";"";"";"";""
"226";5912;83584;"Drug Stores and Pharmacies";"Drug Stores and Pharmacies";"Drug Stores and Pharmacies";"Drug Stores and Pharmacies";"No1.6041-3(c)"
"227";5921;9291;"Package Stores – Beer, Wine, and Liquor";"Package Stores – Beer, Wine, and Liquor";"Package Stores – Beer, Wine, and Liquor";"Package Stores-Beer, Wine, and Liquor";"No1.6041-3(c)"
"228";5931;2656;"Used Merchandise and Secondhand Stores";"Used Merchandise and Secondhand Stores";"Used Merchandise and Secondhand Stores";"Used Merchandise and Secondhand Stores";"No1.6041-3(c)"
"229";5932;35;"Antique Shops";"Antique Shops";"";"Antique Shops";"No1.6041-3(c)"
"230";5933;44;"Pawn Shops and Salvage Yards";"Pawn Shops and Salvage Yards";"Pawn Shops and Salvage Yards";"Pawn Shops";"No1.6041-3(c)"
"231";5940;360;"Bicycle Shops – Sales and Service";"Bicycle Shops – Sales and Service";"Bicycle Shops – Sales and Service";"Bicycle Shops";"No1.6041-3(c)"
"232";5941;3079;"Sporting Goods Stores";"Sporting Goods Stores";"Sporting Goods Stores";"Sporting Goods Stores";"No1.6041-3(c)"
"233";5942;7891;"Book Stores";"Book Stores";"Book Stores";"Book Stores";"No1.6041-3(c)"
"234";5943;529;"Stationery Stores, Office and School Supply Stores";"Stationery Stores, Office and School Supply Stores";"Stationery Stores, Office and School Supply Stores";"Stationery Stores, Office, and School Supply Stores";"No1.6041-3(c)"
"235";5944;1522;"Watch, Clock, Jewelry, and Silverware Stores";"Watch, Clock, Jewelry, and Silverware Stores";"Watch, Clock, Jewelry, and Silverware Stores";"Jewelry Stores, Watches, Clocks, and Silverware Stores";"No1.6041-3(c)"
"236";5945;2189;"Hobby, Toy, and Game Shops";"Hobby, Toy, and Game Shops";"Hobby, Toy, and Game Shops";"Hobby, Toy, and Game Shops";"No1.6041-3(c)"
"237";5946;125;"Camera and Photographic Supply Stores";"Camera and Photographic Supply Stores";"Camera and Photographic Supply Stores";"Camera and Photographic Supply Stores";"No1.6041-3(c)"
"238";5947;2143;"Card Shops, Gift, Novelty, and Souvenir Shops";"Card Shops, Gift, Novelty, and Souvenir Shops";"Card Shops, Gift, Novelty, and Souvenir Shops";"Gift, Card, Novelty, and Souvenir Shops";"No1.6041-3(c)"
"239";5948;611;"Leather Foods Stores";"Leather Foods Stores";"Leather Foods Stores";"Luggage and Leather Goods Stores";"No1.6041-3(c)"
"240";5949;1172;"Sewing, Needle, Fabric, and Price Goods Stores";"Sewing, Needle, Fabric, and Price Goods Stores";"Sewing, Needle, Fabric, and Price Goods Stores";"Sewing, Needlework, Fabric, and Piece Goods Stores";"No1.6041-3(c)"
"241";5950;332;"Glassware/Crystal Stores";"Glassware/Crystal Stores";"Glassware/Crystal Stores";"Glassware, Crystal Stores";"No1.6041-3(c)"
"242";5960;57;"Direct Marketing- Insurance Service";"Direct Marketing- Insurance Service";"Direct Marketing- Insurance Service";"Direct Marketing - Insurance Services";"Yes"
"243";5962;31;"Direct Marketing – Travel Related Arrangements Services";"Direct Marketing – Travel Related Arrangements Services";"Direct Marketing – Travel Related Arrangements Services";"Direct Marketing - Travel";"Yes"
"244";5963;1;"Door-to-Door Sales";"Door-to-Door Sales";"Door-to-Door Sales";"Door-To-Door Sales";"No1.6041-3(c)"
"245";5964;13135;"Direct Marketing – Catalog Merchant";"Direct Marketing – Catalog Merchant";"Direct Marketing – Catalog Merchant";"Direct Marketing - Catalog Merchant";"No1.6041-3(c)"
"246";5965;99;"Direct Marketing – Catalog and Catalog and Retail Merchant";"Direct Marketing – Catalog and Catalog and Retail Merchant";"Direct Marketing – Catalog and Catalog and Retail Merchant";"Direct Marketing - Combination Catalog and Retail Merchant";"No1.6041-3(c)"
"247";5967;189;"Direct Marketing – Inbound Teleservices Merchant";"Direct Marketing – Inbound Teleservices Merchant";"Direct Marketing – Inbound Teleservices Merchant";"Direct Marketing - Inbound Tele";"No1.6041-3(c)"
"248";5968;1633;"Direct Marketing – Continuity/Subscription Merchant";"Direct Marketing – Continuity/Subscription Merchant";"Direct Marketing – Continuity/Subscription Merchant";"Direct Marketing - Subscription";"No1.6041-3(c)"
"249";5969;58;"Direct Marketing – Not Elsewhere Classified";"Direct Marketing – Not Elsewhere Classified";"Direct Marketing – Not Elsewhere Classified";"Direct Marketing - Other ";"No1.6041-3(c)"
"250";5970;443;"Artist’s Supply and Craft Shops";"Artist’s Supply and Craft Shops";"Artist’s Supply and Craft Shops";"Artist’s Supply and Craft Shops";"No1.6041-3(c)"
"251";5971;43;"Art Dealers and Galleries";"Art Dealers and Galleries";"Art Dealers and Galleries";"Art Dealers and Galleries";"No1.6041-3(c)"
"252";5972;53;"Stamp and Coin Stores – Philatelic and Numismatic Supplies";"Stamp and Coin Stores – Philatelic and Numismatic Supplies";"Stamp and Coin Stores – Philatelic and Numismatic Supplies";"Stamp and Coin Stores";"No1.6041-3(c)"
"253";5973;14;"Religious Goods Stores";"Religious Goods Stores";"Religious Goods Stores";"Religious Goods Stores";"No1.6041-3(c)"
"254";5976;45;"Orthopedic Goods Prosthetic Devices";"Orthopedic Goods Prosthetic Devices";"Orthopedic Goods Prosthetic Devices";"Orthopedic Goods - Prosthetic Devices";"No1.6041-3(c)"
"255";5977;14667;"Cosmetic Stores";"Cosmetic Stores";"Cosmetic Stores";"Cosmetic Stores";"No1.6041-3(c)"
"256";5978;5;"Typewriter Stores – Sales, Rental, Service";"Typewriter Stores – Sales, Rental, Service";"Typewriter Stores – Sales, Rental, Service";"Typewriter Stores";"No1.6041-3(c)"
"257";5983;111;"Fuel – Fuel Oil, Wood, Coal, Liquefied Petroleum";"Fuel – Fuel Oil, Wood, Coal, Liquefied Petroleum";"Fuel – Fuel Oil, Wood, Coal, Liquefied Petroleum";"Fuel Dealers (Non Automotive)";"No1.6041-3(c)"
"258";5992;4597;"Florists";"Florists";"Florists";"Florists";"No1.6041-3(c)"
"259";5993;2437;"Cigar Stores and Stands";"Cigar Stores and Stands";"Cigar Stores and Stands";"Cigar Stores and Stands";"No1.6041-3(c)"
"260";5994;672;"News Dealers and Newsstands";"News Dealers and Newsstands";"News Dealers and Newsstands";"News Dealers and Newsstands";"No1.6041-3(c)"
"261";5995;9964;"Pet Shops, Pet Foods, and Supplies Stores";"Pet Shops, Pet Foods, and Supplies Stores";"Pet Shops, Pet Foods, and Supplies Stores";"Pet Shops, Pet Food, and Supplies";"No1.6041-3(c)"
"262";5996;292;"Swimming Pools – Sales, Service, and Supplies";"Swimming Pools – Sales, Service, and Supplies";"Swimming Pools – Sales, Service, and Supplies";"Swimming Pools Sales";"No1.6041-3(c)"
"263";5997;1;"Electric Razor Stores – Sales and Service";"Electric Razor Stores – Sales and Service";"Electric Razor Stores – Sales and Service";"Electric Razor Stores";"No1.6041-3(c)"
"264";5998;2;"Tent and Awning Shops";"Tent and Awning Shops";"Tent and Awning Shops";"Tent and Awning Shops";"No1.6041-3(c)"
"265";5999;28840;"Miscellaneous and Specialty Retail Stores";"Miscellaneous and Specialty Retail Stores";"Miscellaneous and Specialty Retail Stores";"Miscellaneous Specialty Retail";"No1.6041-3(c)"
"266";6010;20179;"Financial Institutions – Manual Cash Disbursements";"Financial Institutions – Manual Cash Disbursements";"Financial Institutions – Manual Cash Disbursements";"Manual Cash Disburse";"No1.6041-3(c)"
"267";6011;215932;"Financial Institutions – Manual Cash Disbursements";"Financial Institutions – Manual Cash Disbursements";"Financial Institutions – Manual Cash Disbursements";"Automated Cash Disburse";"No1.6041-3(c)"
"268";6012;47629;"Financial Institutions – Merchandise and Services";"Financial Institutions – Merchandise and Services";"Financial Institutions – Merchandise and Services";"Financial Institutions";"Yes"
"269";6051;3214;"Non-Financial Institutions – Foreign Currency, Money Orders (not wire transfer) and Travelers Cheques";"Non-Financial Institutions – Foreign Currency, Money Orders (not wire transfer) and Travelers Cheques";"Non-Financial Institutions – Foreign Currency, Money Orders (not wire transfer) and Travelers Cheques";"Non-FI, Money Orders";"No1.6041-3(c)"
"270";6211;287;"Security Brokers/Dealers";"Security Brokers/Dealers";"Security Brokers/Dealers";"Security Brokers/Dealers";"Yes"
"271";6300;2940;"Insurance Sales, Underwriting, and Premiums";"Insurance Sales, Underwriting, and Premiums";"Insurance Sales, Underwriting, and Premiums";"Insurance Underwriting, Premiums";"No1.6041-3(c)"
"272";6513;59;"Real Estate Agents and Managers - Rentals";"Real Estate Agents and Managers - Rentals";"";"Real Estate Agents and Managers - Rentals";"Yes"
"273";6538;640;NA;NA;NA;NA;NA
"274";6540;50;NA;NA;NA;NA;NA
"275";7011;4538;"Lodging – Hotels, Motels, Resorts, Central Reservation Services (not elsewhere classified)";"Lodging – Hotels, Motels, Resorts, Central Reservation Services (not elsewhere classified)";"Lodging – Hotels, Motels, Resorts, Central Reservation Services (not elsewhere classified)";"Hotels, Motels, and Resorts";"Yes"
"276";7012;6;"Timeshares";"Timeshares";"Timeshares";"Timeshares";"Yes"
"277";7032;80;"Sporting and Recreational Camps";"Sporting and Recreational Camps";"Sporting and Recreational Camps";"Sporting/Recreation Camps";"Yes"
"278";7033;13;"Trailer Parks and Camp Grounds";"Trailer Parks and Camp Grounds";"Trailer Parks and Camp Grounds";"Trailer Parks, Campgrounds";"Yes"
"279";7210;441;"Laundry, Cleaning, and Garment Services";"Laundry, Cleaning, and Garment Services";"Laundry, Cleaning, and Garment Services";"Laundry, Cleaning Services";"Yes"
"280";7211;43;"Laundry – Family and Commercial";"Laundry – Family and Commercial";"Laundry – Family and Commercial";"Laundries ";"Yes"
"281";7216;45;"Dry Cleaners";"Dry Cleaners";"Dry Cleaners";"Dry Cleaners";"Yes"
"282";7221;799;"Photographic Studios";"Photographic Studios";"Photographic Studios";"Photographic Studios";"Yes"
"283";7230;8521;"Barber and Beauty Shops";"Barber and Beauty Shops";"Barber and Beauty Shops";"Barber and Beauty Shops";"Yes"
"284";7251;383;"Shop Repair Shops and Shoe Shine Parlors, and Hat Cleaning Shops";"Shop Repair Shops and Shoe Shine Parlors, and Hat Cleaning Shops";"Shop Repair Shops and Shoe Shine Parlors, and Hat Cleaning Shops";"Shoe Repair/Hat Cleaning";"Yes"
"285";7261;93;"Funeral Service and Crematories";"Funeral Service and Crematories";"Funeral Service and Crematories";"Funeral Services, Crematories";"Yes"
"286";7273;98;"Dating and Escort Services";"Dating and Escort Services";"Dating and Escort Services";"Dating/Escort Services";"Yes"
"287";7276;2;"Tax Preparation Service";"Tax Preparation Service";"Tax Preparation Service";"Tax Preparation Services";"Yes"
"288";7277;5;"Counseling Service – Debt, Marriage, Personal";"Counseling Service – Debt, Marriage, Personal";"Counseling Service – Debt, Marriage, Personal";"Counseling Services";"Yes"
"289";7278;56;"Buying/Shopping Services, Clubs";"Buying/Shopping Services, Clubs";"Buying/Shopping Services, Clubs";"Buying/Shopping Services";"Yes"
"290";7296;20;"Clothing Rental – Costumes, Formal Wear, Uniforms";"Clothing Rental – Costumes, Formal Wear, Uniforms";"Clothing Rental – Costumes, Formal Wear, Uniforms";"Clothing Rental ";"Yes"
"291";7298;1884;"Health and Beauty Shops";"Health and Beauty Shops";"Health and Beauty Shops";"Health and Beauty Spas";"Yes"
"292";7299;2297;"Miscellaneous Personal Services ( not elsewhere classifies)";"Miscellaneous Personal Services ( not elsewhere classifies)";"Miscellaneous Personal Services ( not elsewhere classifies)";"Miscellaneous General Services";"Yes"
"293";7311;9661;"Advertising Services";"Advertising Services";"Advertising Services";"Advertising Services";"Yes"
"294";7333;22;"Commercial Photography, Art and Graphics";"Commercial Photography, Art and Graphics";"Commercial Photography, Art and Graphics";"Commercial Photography, Art and Graphics";"Yes"
"295";7338;667;"Quick Copy, Reproduction and Blueprinting Services";"Quick Copy, Reproduction and Blueprinting Services";"Quick Copy, Reproduction and Blueprinting Services";"Quick Copy, Repro, and Blueprint";"Yes"
"296";7339;8;"Stenographic and Secretarial Support Services";"Stenographic and Secretarial Support Services";"Stenographic and Secretarial Support Services";"Secretarial Support Services";"Yes"
"297";7349;3;"Cleaning and Maintenance, Janitorial Services";"Cleaning and Maintenance, Janitorial Services";"Cleaning and Maintenance, Janitorial Services";"Cleaning and Maintenance";"Yes"
"298";7361;8;"Employment Agencies, Temporary Help Services";"Employment Agencies, Temporary Help Services";"Employment Agencies, Temporary Help Services";"Employment/Temp Agencies";"Yes"
"299";7372;849;"Computer Programming, Integrated Systems Design and Data Processing Services";"Computer Programming, Integrated Systems Design and Data Processing Services";"Computer Programming, Integrated Systems Design and Data Processing Services";"Computer Programming";"Yes"
"300";7375;257;"Information Retrieval Services";"Information Retrieval Services";"Information Retrieval Services";"Information Retrieval Services";"Yes"
"301";7379;17;"Computer Maintenance and Repair Services, Not Elsewhere Classified";"Computer Maintenance and Repair Services, Not Elsewhere Classified";"Computer Maintenance and Repair Services, Not Elsewhere Classified";"Computer Repair";"Yes"
"302";7392;92;"Management, Consulting, and Public Relations Services";"Management, Consulting, and Public Relations Services";"Management, Consulting, and Public Relations Services";"Consulting, Public Relations";"Yes"
"303";7393;1;"Protective and Security Services – Including Armored Carsand Guard Dogs";"Protective and Security Services – Including Armored Carsand Guard Dogs";"Protective and Security Services – Including Armored Carsand Guard Dogs";"Detective Agencies";"Yes"
"304";7394;209;"Equipment Rental and Leasing Services, Tool Rental, Furniture Rental, and Appliance Rental";"Equipment Rental and Leasing Services, Tool Rental, Furniture Rental, and Appliance Rental";"Equipment Rental and Leasing Services, Tool Rental, Furniture Rental, and Appliance Rental";"Equipment Rental ";"Yes"
"305";7395;408;"Photofinishing Laboratories, Photo Developing";"Photofinishing Laboratories, Photo Developing";"Photofinishing Laboratories, Photo Developing";"Photo Developing";"Yes"
"306";7399;1056;"Business Services, Not Elsewhere Classified";"Business Services, Not Elsewhere Classified";"Business Services, Not Elsewhere Classified";"Miscellaneous Business Services ";"Yes"
"307";7512;466;"Car Rental Companies ( Not Listed Below)";"Car Rental Companies ( Not Listed Below)";"Car Rental Companies ( Not Listed Below)";"Car Rental Agencies";"Yes"
"308";7523;2384;"Automobile Parking Lots and Garages";"Automobile Parking Lots and Garages";"Automobile Parking Lots and Garages";"Parking Lots, Garages";"Yes"
"309";7531;96;"Automotive Body Repair Shops";"Automotive Body Repair Shops";"Automotive Body Repair Shops";"Auto Body Repair Shops";"Yes"
"310";7534;145;"Tire Re-treading and Repair Shops";"Tire Re-treading and Repair Shops";"Tire Re-treading and Repair Shops";"Tire Retreading and Repair";"Yes"
"311";7538;1339;"Automotive Service Shops";"Automotive Service Shops";"Automotive Service Shops";"Auto Service Shops";"Yes"
"312";7542;2014;"Car Washes";"Car Washes";"Car Washes";"Car Washes";"Yes"
"313";7549;14;"Towing Services";"Towing Services";"Towing Services";"Towing Services";"Yes"
"314";7622;99;"Radio Repair Shops";"Radio Repair Shops";"Radio Repair Shops";"Electronics Repair Shops";"Yes"
"315";7623;25;"Air Conditioning and Refrigeration Repair Shops";"Air Conditioning and Refrigeration Repair Shops";"Air Conditioning and Refrigeration Repair Shops";"A/C, Refrigeration Repair";"Yes"
"316";7629;98;"Electrical And Small Appliance Repair Shops";"Electrical And Small Appliance Repair Shops";"Electrical And Small Appliance Repair Shops";"Small Appliance Repair";"Yes"
"317";7631;78;"Watch, Clock, and Jewelry Repair";"Watch, Clock, and Jewelry Repair";"Watch, Clock, and Jewelry Repair";"Watch/Jewelry Repair";"Yes"
"318";7699;423;"Repair Shops and Related Services –Miscellaneous";"Repair Shops and Related Services –Miscellaneous";"Repair Shops and Related Services –Miscellaneous";"Miscellaneous Repair Shops";"Yes"
"319";7829;131;"Motion Pictures and Video Tape Production and Distribution";"Motion Pictures and Video Tape Production and Distribution";"Motion Pictures and Video Tape Production and Distribution";"Picture/Video Production";"Yes"
"320";7832;7988;"Motion Picture Theaters";"Motion Picture Theaters";"Motion Picture Theaters";"Motion Picture Theaters";"Yes"
"321";7841;1002;"Video Tape Rental Stores";"Video Tape Rental Stores";"Video Tape Rental Stores";"Video Tape Rental Stores";"Yes"
"322";7911;102;"Dance Halls, Studios and Schools";"Dance Halls, Studios and Schools";"Dance Halls, Studios and Schools";"Dance Hall, Studios, Schools";"Yes"
"323";7922;3020;"Theatrical Producers (Except Motion Pictures), Ticket Agencies";"Theatrical Producers (Except Motion Pictures), Ticket Agencies";"Theatrical Producers (Except Motion Pictures), Ticket Agencies";"Theatrical Ticket Agencies";"Yes"
"324";7929;174;"Bands, Orchestras, and Miscellaneous Entertainers (Not Elsewhere Classified)";"Bands, Orchestras, and Miscellaneous Entertainers (Not Elsewhere Classified)";"Bands, Orchestras, and Miscellaneous Entertainers (Not Elsewhere Classified)";"Bands, Orchestras";"Yes"
"325";7932;326;"Billiard and Pool Establishments";"Billiard and Pool Establishments";"Billiard and Pool Establishments";"Billiard/Pool Establishments";"Yes"
"326";7933;102;"Bowling Alleys";"Bowling Alleys";"Bowling Alleys";"Bowling Alleys";"Yes"
"327";7941;3410;"Commercial Sports, Athletic Fields, Professional Sport Clubs, and Sport Promoters";"Commercial Sports, Athletic Fields, Professional Sport Clubs, and Sport Promoters";"Commercial Sports, Athletic Fields, Professional Sport Clubs, and Sport Promoters";"Sports Clubs/Fields";"Yes"
"328";7991;454;"Tourist Attractions and Exhibits";"Tourist Attractions and Exhibits";"Tourist Attractions and Exhibits";"Tourist Attractions and Exhibits";"Yes"
"329";7992;1;"Golf Courses – Public";"Golf Courses – Public";"Golf Courses – Public";"Golf Courses - Public";"Yes"
"330";7993;38;"Video Amusement Game Supplies";"Video Amusement Game Supplies";"Video Amusement Game Supplies";"Video Amusement Game Supplies";"No1.6041-3(c)"
"331";7994;1562;"Video Game Arcades/Establishments";"Video Game Arcades/Establishments";"Video Game Arcades/Establishments";"Video Game Arcades";"Yes"
"332";7995;5946;"Betting (including Lottery Tickets, Casino Gaming Chips, Off-track Betting and Wagers at Race Tracks)";"Betting (including Lottery Tickets, Casino Gaming Chips, Off-track Betting and Wagers at Race Tracks)";"Betting (including Lottery Tickets, Casino Gaming Chips, Off-track Betting and Wagers at Race Tracks)";"Betting/Casino Gambling";"Yes"
"333";7996;642;"Amusement Parks, Carnivals, Circuses, Fortune Tellers";"Amusement Parks, Carnivals, Circuses, Fortune Tellers";"Amusement Parks, Carnivals, Circuses, Fortune Tellers";"Amusement Parks/Carnivals";"Yes"
"334";7997;1781;"Membership Clubs (Sports, Recreation, Athletic), Country Clubs, and Private Golf Courses";"Membership Clubs (Sports, Recreation, Athletic), Country Clubs, and Private Golf Courses";"Membership Clubs (Sports, Recreation, Athletic), Country Clubs, and Private Golf Courses";"Country Clubs";"Yes"
"335";7998;164;"Aquariums, Sea-aquariums, Dolphinariums";"Aquariums, Sea-aquariums, Dolphinariums";"Aquariums, Sea-aquariums, Dolphinariums";"Aquariums";"Yes"
"336";7999;1660;"Recreation Services (Not Elsewhere Classified)";"Recreation Services (Not Elsewhere Classified)";"Recreation Services (Not Elsewhere Classified)";"Miscellaneous Recreation Services";"Yes"
"337";8011;1915;"Doctors and Physicians (Not Elsewhere Classified)";"Doctors and Physicians (Not Elsewhere Classified)";"Doctors and Physicians (Not Elsewhere Classified)";"Doctors";"Yes"
"338";8021;1804;"Dentists and Orthodontists";"Dentists and Orthodontists";"Dentists and Orthodontists";"Dentists, Orthodontists";"Yes"
"339";8041;5;"Chiropractors";"Chiropractors";"Chiropractors";"Chiropractors";"Yes"
"340";8042;25;"Optometrists and Ophthalmologists";"Optometrists and Ophthalmologists";"Optometrists and Ophthalmologists";"Optometrists, Ophthalmologist";"Yes"
"341";8043;1996;"Opticians, Opticians Goods and Eyeglasses";"Opticians, Opticians Goods and Eyeglasses";"Opticians, Opticians Goods and Eyeglasses";"Opticians, Eyeglasses";"Yes"
"342";8050;5;"Nursing and Personal Care Facilities";"Nursing and Personal Care Facilities";"Nursing and Personal Care Facilities";"Nursing/Personal Care ";"Yes"
"343";8062;1577;"Hospitals";"Hospitals";"Hospitals";"Hospitals";"Yes"
"344";8071;1206;"Medical and Dental Laboratories";"Medical and Dental Laboratories";"Medical and Dental Laboratories";"Medical and Dental Labs";"Yes"
"345";8099;4821;"Medical Services and Health Practitioners (Not Elsewhere Classified)";"Medical Services and Health Practitioners (Not Elsewhere Classified)";"Medical Services and Health Practitioners (Not Elsewhere Classified)";"Medical Services ";"Yes"
"346";8111;19;"Legal Services and Attorneys";"Legal Services and Attorneys";"Legal Services and Attorneys";"Legal Services, Attorneys";"Yes"
"347";8211;7;"Elementary and Secondary Schools";"Elementary and Secondary Schools";"Elementary and Secondary Schools";"Elementary, Secondary Schools";"No1.6041-3(p)(2)"
"348";8220;128;"Colleges, Junior Colleges, Universities, and ProfessionalSchools";"Colleges, Junior Colleges, Universities, and ProfessionalSchools";"Colleges, Junior Colleges, Universities, and ProfessionalSchools";"Colleges, Universities";"No1.6041-3(p)(2)"
"349";8241;68;"Correspondence Schools";"Correspondence Schools";"Correspondence Schools";"Correspondence Schools";"No1.6041-3(p)(2)"
"350";8244;12;"Business and Secretarial Schools";"Business and Secretarial Schools";"Business and Secretarial Schools";"Business/Secretarial Schools";"No1.6041-3(p)(2)"
"351";8249;16;"Vocational Schools and Trade Schools";"Vocational Schools and Trade Schools";"Vocational Schools and Trade Schools";"Vocational/Trade Schools";"No1.6041-3(p)(2)"
"352";8299;772;"Schools and Educational Services ( Not Elsewhere Classified)";"Schools and Educational Services ( Not Elsewhere Classified)";"Schools and Educational Services ( Not Elsewhere Classified)";"Educational Services ";"Yes"
"353";8351;9;"Child Care Services";"Child Care Services";"Child Care Services";"Child Care Services";"Yes"
"354";8398;157;"Charitable and Social Service Organizations";"Charitable and Social Service Organizations";"Charitable and Social Service Organizations";"Charitable and Social Service Organizations - Fundraising";"No1.6041-3(p)(2)"
"355";8641;334;"Civic, Fraternal, and Social Associations";"Civic, Fraternal, and Social Associations";"Civic, Fraternal, and Social Associations";"Civic, Social, Fraternal Associations";"No1.6041-3(p)(2)"
"356";8651;13;"Political Organizations";"Political Organizations";"Political Organizations";"Political Organizations";"Yes"
"357";8661;13;"Religious Organizations";"Religious Organizations";"Religious Organizations";"Religious Organizations";"No1.6041-3(p)(2)"
"358";8675;1;"Automobile Associations";"Automobile Associations";"Automobile Associations";"Automobile Associations";"Yes"
"359";8699;29;"Membership Organizations ( Not Elsewhere Classified)";"Membership Organizations ( Not Elsewhere Classified)";"Membership Organizations ( Not Elsewhere Classified)";"Membership Organizations";"Yes"
"360";8734;3;"Testing Laboratories ( non-medical)";"Testing Laboratories ( non-medical)";"Testing Laboratories ( non-medical)";"Testing Laboratories";"Yes"
"361";8911;4;"Architectural – Engineering and Surveying Services";"Architectural – Engineering and Surveying Services";"Architectural – Engineering and Surveying Services";"Architectural/Surveying Services";"Yes"
"362";8931;3;"Accounting, Auditing, and Bookkeeping Services";"Accounting, Auditing, and Bookkeeping Services";"Accounting, Auditing, and Bookkeeping Services";"Accounting/Bookkeeping Services";"Yes"
"363";8999;1358;"Professional Services ( Not Elsewhere Defined)";"Professional Services ( Not Elsewhere Defined)";"Professional Services ( Not Elsewhere Defined)";"Professional Services";"Yes"
"364";9222;223;"Fines";"Fines";"Fines";"Fines - Government Administrative Entities";"No1.6041-3(p)(4)"
"365";9311;243;"Tax Payments";"Tax Payments";"Tax Payments";"Tax Payments - Government Agencies";"No1.6041-3(p)(4)"
"366";9399;1084;"Government Services ( Not Elsewhere Classified)";"Government Services ( Not Elsewhere Classified)";"Government Services ( Not Elsewhere Classified)";"Government Services (Not Elsewhere Classified)";"No1.6041-3(p)(4)"
"367";9402;12648;"Postal Services – Government Only";"Postal Services – Government Only";"Postal Services – Government Only";"Postal Services - Government Only";"No1.6041-3(p)(3)"
"368";9405;7;"Intra – Government Transactions";"Intra – Government Transactions";"Intra – Government Transactions";"U.S. Federal Government Agencies or Departments";"No1.6041-3(p)(3)"
